{"translation-revision-date":"2024-02-17 14:56+0000","generator":"Loco https:\/\/localise.biz\/","source":"build\/modals.js","domain":"gatherpress","locale_data":{"gatherpress":{"":{"domain":"gatherpress","lang":"ca","plural-forms":"nplurals=2; plural=n != 1;"},"All Members":["Tots els membres"],"Attending":["Assistint"],"Confirm you are ready to send?":["Confirmeu que esteu preparat per enviar?"],"Not Attending":["No assist\u00e8ncia"],"Notify members via email":["Notifiqueu-ho als membres per correu electr\u00f2nic"],"Optional message":["Missatge opcional"],"Select the recipients for your message by checking the relevant boxes.":["Per seleccionar els destinataris del missatge, marqueu les caselles corresponents."],"Send Email":["Enviar correu electr\u00f2nic"],"Waiting List":["Llista d'espera"]}}}