{"translation-revision-date":"2024-02-17 14:56+0000","generator":"Loco https:\/\/localise.biz\/","source":"build\/blocks\/rsvp\/rsvp.js","domain":"gatherpress","locale_data":{"gatherpress":{"":{"domain":"gatherpress","lang":"ca","plural-forms":"nplurals=2; plural=n != 1;"}," if you do not have an account.":[" si no tens compte."]," to RSVP to events.":[" per confirmar l'assist\u00e8ncia als esdeveniments."],"Attend":["Assistir"],"Attending":["Assistint"],"Close":["Tancar"],"Didn't Go":["No hi va anar"],"Edit RSVP":["Edita l'confirmaci\u00f3 d'assist\u00e8ncia"],"guest(s)":["convidat(s)"],"List me as anonymous.":["Llista'm com a an\u00f2nim."],"Login":["Iniciar sessi\u00f3"],"Login Required":["Cal iniciar sessi\u00f3"],"Not Attending":["No assist\u00e8ncia"],"Only admins will see your identity.":["Nom\u00e9s els administradors veuran la vostra identitat."],"Register":["Registre"],"RSVP":["Confirmaci\u00f3 d'assist\u00e8ncia"],"RSVP to this event":["Confirma l'assist\u00e8ncia a aquest esdeveniment"],"To set or change your attending status, simply click the %s button below.":["Per definir o canviar l'estat d'assist\u00e8ncia, nom\u00e9s cal que feu clic al bot\u00f3 %s seg\u00fcent."],"Waiting List":["Llista d'espera"],"Went":["Va vindre"],"You must ":["Heu de "],"You're attending":["Hi assisteixes"],"You're not attending":["No hi assisteixes"],"You're wait listed":["Est\u00e0s a la llista d'espera"]}}}