{"translation-revision-date":"2024-02-17 14:56+0000","generator":"Loco https:\/\/localise.biz\/","source":"build\/blocks\/venue\/index.js","domain":"gatherpress","locale_data":{"gatherpress":{"":{"domain":"gatherpress","lang":"ca","plural-forms":"nplurals=2; plural=n != 1;"},"Add link to online event":["Afegiu un enlla\u00e7 a l'esdeveniment en l\u00ednia"],"Add venue information.":["Afegeix informaci\u00f3 del lloc."],"Choose a venue":["Tria un lloc"],"Display the map":["Veure el mapa"],"Full Address":["Adre\u00e7a completa"],"GMT":["GMT"],"Hide the map":["Amaga el mapa"],"Link active for attendees during event.":["Enlla\u00e7 actiu per als assistents durant l'esdeveniment."],"Map height":["Altura del Mapa"],"Map settings":["Configuraci\u00f3 del mapa"],"Map type":["Tipus de mapa"],"No venue selected.":["No hi ha cap lloc seleccionat."],"Online event":["Esdeveniment en l\u00ednia"],"Online event link":["Enlla\u00e7 a l'esdeveniment en l\u00ednia"],"Phone Number":["N\u00famero de tel\u00e8fon"],"Roadmap":["Full de ruta"],"Satellite":["Sat\u00e8l\u00b7lit"],"Show map on venue":["Mostra el mapa del lloc"],"Venue Selector":["Selector de lloc"],"Venue settings":["Configuraci\u00f3 del lloc"],"Website":["Web"],"Zoom level":["Nivell d'ampliaci\u00f3"]}}}