{"translation-revision-date":"2024-02-17 14:56+0000","generator":"Loco https:\/\/localise.biz\/","source":"build\/blocks\/rsvp-response\/index.js","domain":"gatherpress","locale_data":{"gatherpress":{"":{"domain":"gatherpress","lang":"ca","plural-forms":"nplurals=2; plural=n != 1;"},"Attendees":["Assistents"],"Attending":["Assistint"],"Didn't Go":["No hi va anar"],"Edit":["Edita"],"No one is attending this event yet.":["Encara no hi ha ning\u00fa que assisteixi a aquest esdeveniment."],"No one went to this event.":["Ning\u00fa va anar a aquest esdeveniment."],"Not Attending":["No assist\u00e8ncia"],"Preview":["Vista pr\u00e8via"],"See all":["Veure tot"],"See fewer":["Mostra'n menys"],"Wait Listed":["Llista d'espera"],"Waiting List":["Llista d'espera"],"Went":["Va vindre"]}}}