{"translation-revision-date":"2024-02-17 14:56+0000","generator":"Loco https:\/\/localise.biz\/","source":"build\/panels.js","domain":"gatherpress","locale_data":{"gatherpress":{"":{"domain":"gatherpress","lang":"ca","plural-forms":"nplurals=2; plural=n != 1;"},"Add link to online event":["Afegiu un enlla\u00e7 a l'esdeveniment en l\u00ednia"],"Choose a venue":["Tria un lloc"],"Compose Message":["Composa missatge"],"Date & time":["Data i hora"],"Enable Anonymous RSVP":["Activa la confirmaci\u00f3 d'assist\u00e8ncia an\u00f2nima"],"End":["Final"],"Event settings":["Configuraci\u00f3 d'esdeveniments"],"Full Address":["Adre\u00e7a completa"],"GMT":["GMT"],"No venue selected.":["No hi ha cap lloc seleccionat."],"Online event link":["Enlla\u00e7 a l'esdeveniment en l\u00ednia"],"Phone Number":["N\u00famero de tel\u00e8fon"],"Send an event update":["Enviar una actualitzaci\u00f3 de l'esdeveniment"],"Send an event update to members via email?":["Envieu una actualitzaci\u00f3 de l'esdeveniment als membres per correu electr\u00f2nic?"],"Start":["Inici"],"This event has already past.":["Aquest esdeveniment ja ha passat."],"Time Zone":["Zona hor\u00e0ria"],"Venue Selector":["Selector de lloc"],"Venue settings":["Configuraci\u00f3 del lloc"],"Website":["Web"]}}}