{"translation-revision-date":"2024-02-17 14:56+0000","generator":"Loco https:\/\/localise.biz\/","source":"build\/blocks\/events-list\/index.js","domain":"gatherpress","locale_data":{"gatherpress":{"":{"domain":"gatherpress","lang":"ca","plural-forms":"nplurals=2; plural=n != 1;"}," if you do not have an account.":[" si no tens compte."]," to RSVP to events.":[" per confirmar l'assist\u00e8ncia als esdeveniments."],"Attend":["Assistir"],"Attending":["Assistint"],"Close":["Tancar"],"Date & time format":["Format horari i de data"],"Didn't Go":["No hi va anar"],"Edit RSVP":["Edita l'confirmaci\u00f3 d'assist\u00e8ncia"],"Event List type":["Tipus de llista d'esdeveniments"],"For more information read the <a href=\"https:\/\/wordpress.org\/documentation\/article\/customize-date-and-time-format\/\">Documentation on date and time formatting<\/a>.":["Per obtenir m\u00e9s informaci\u00f3, llegiu <a href=\"https:\/\/wordpress.org\/documentation\/article\/customize-date-and-time-format\/\">l'article de documentaci\u00f3 sobre el format de data i hora<\/a>."],"guest(s)":["convidat(s)"],"Hide All RSVP Responses":["Amagar totes les respostes de confirmaci\u00f3 d'assist\u00e8ncia"],"Hide Description":["Amaga la descripci\u00f3"],"Hide Featured Image":["Amaga la imatge destacada"],"Image Size Options":["Opcions de mida de la imatge"],"List me as anonymous.":["Llista'm com a an\u00f2nim."],"Login":["Iniciar sessi\u00f3"],"Login Required":["Cal iniciar sessi\u00f3"],"Maximum number of events to display":["Nombre m\u00e0xim d'esdeveniments a mostrar"],"Not Attending":["No assist\u00e8ncia"],"Only admins will see your identity.":["Nom\u00e9s els administradors veuran la vostra identitat."],"Past":["Passat"],"Register":["Registre"],"RSVP":["Confirmaci\u00f3 d'assist\u00e8ncia"],"RSVP to this event":["Confirma l'assist\u00e8ncia a aquest esdeveniment"],"Show All RSVP Responses":["Mostra totes les respostes de confirmaci\u00f3 d'assist\u00e8ncia"],"Show Description":["Mostra la descripci\u00f3"],"Show Featured Image":["Mostrar la Imatge destacada"],"Show\/Hide All RSVP Responses":["Mostrar\/amagar totes les respostes de confirmaci\u00f3 d'assist\u00e8ncia"],"Show\/Hide Description":["Mostrar\/amagar descripci\u00f3"],"Show\/Hide Featured Image":["Mostrar\/amagar imatge destacada"],"There are no past events.":["No hi ha esdeveniments passats."],"There are no upcoming events.":["No hi ha esdeveniments propers."],"To set or change your attending status, simply click the %s button below.":["Per definir o canviar l'estat d'assist\u00e8ncia, nom\u00e9s cal que feu clic al bot\u00f3 %s seg\u00fcent."],"Topics":["Temes"],"Upcoming":["Properament"],"Venues":["Llocs"],"Waiting List":["Llista d'espera"],"Went":["Va vindre"],"You must ":["Heu de "],"You're attending":["Hi assisteixes"],"You're not attending":["No hi assisteixes"],"You're wait listed":["Est\u00e0s a la llista d'espera"]}}}