{"translation-revision-date":"2024-02-17 14:56+0000","generator":"Loco https:\/\/localise.biz\/","source":"build\/blocks\/online-event\/index.js","domain":"gatherpress","locale_data":{"gatherpress":{"":{"domain":"gatherpress","lang":"ca","plural-forms":"nplurals=2; plural=n != 1;"},"Add link to online event":["Afegiu un enlla\u00e7 a l'esdeveniment en l\u00ednia"],"Link active for attendees during event.":["Enlla\u00e7 actiu per als assistents durant l'esdeveniment."],"Online event":["Esdeveniment en l\u00ednia"],"Online event link":["Enlla\u00e7 a l'esdeveniment en l\u00ednia"]}}}