{"translation-revision-date":"2024-02-17 14:56+0000","generator":"Loco https:\/\/localise.biz\/","source":"build\/blocks\/event-date\/index.js","domain":"gatherpress","locale_data":{"gatherpress":{"":{"domain":"gatherpress","lang":"ca","plural-forms":"nplurals=2; plural=n != 1;"},"Compose Message":["Composa missatge"],"Date & time":["Data i hora"],"End":["Final"],"GMT":["GMT"],"Send an event update to members via email?":["Envieu una actualitzaci\u00f3 de l'esdeveniment als membres per correu electr\u00f2nic?"],"Start":["Inici"],"This event has already past.":["Aquest esdeveniment ja ha passat."],"Time Zone":["Zona hor\u00e0ria"]}}}